message,class
เสือดาว จัดเป็น เสือ ขนาด ใหญ่ ที่มี พื้นที่ กระจายพันธุ์ กว้าง ไกล ที่สุด,Yes
เสือดาว สามารถ ปรับตัว ได้ดี ใน สภาพแวดล้อม ต่างๆ โดย สามารถ อาศัย อยู่ได้ ใน อุณหภูมิ 43 องศาเซลเซียส ใน ทะเลทราย หรือ กระทั่ง -25 องศาเซลเซียส ใน รัสเซีย ,Yes
ลำตัว สีน้ำตาล อมเหลือง หรือ มี สีเหลือง มี ลายจุด สีดำ,Yes
ขนาด ความยาว หัว ถึง ลำตัว 107–129 เซนติเมตร หาง มี ความยาว 79.2–99.1 เซนติเมตร ใบหู มี ความยาว 6.5–7.4 เซนติเมตร ,Yes
เสือดาว และ เสือดำ จัดอยู่ ใน เสือ ชนิด เดียวกัน ซึ่ง ส่วนมาก โดย ทั่วไป จะ เข้าใจ ผิด ว่า เสือดาว และ เสือดำ เป็น เสือ คนละชนิด,Yes
 ซึ่ง ใน การ ผสมพันธุ์ ของ เสือดาว ลูกเสือ ที่ เกิด ใหม่ ใน ครอก เดียวกัน อาจ มี ลูกเสือ ได้ ทั้ง สอง ชนิด คือ เสือดาว และ เสือดำ,Yes
โดยที่ เสือดำ จะ มี สีขน ปกคลุม ตาม ร่างกาย ด้วย สีดำ ซึ่ง มี ลายจุด เช่น เดียวกับ เสือดาว เพียงแต่ กลมกลืน กับ สีขน ทำให้ มองเห็น ได้ ไม่ชัด,Yes
พบ ใน แอฟริกา และ เอเชีย ตั้งแต่ แมนจูเรีย ลงมา ถึง อินโดจีน ไทย มาเลเซีย ชวา เอเชียใต้ บางส่วน ของ เอเชียกลาง จนถึง ตะวันออกกลาง,Yes
เสือดาว ที่ พบ นอกทวีป แอฟริกา มักมี อุปนิสัย ดุ ร้ายกว่า,Yes
เสือดาว ประเทศ ไทย พบ ตาม ป่า ทั่วไป แต่ พบมาก ทาง ภาคใต้ กิน สัตว์ป่า ทุก ชนิด ที่ จับได้ เช่น หมู กวาง ลิง นกยูง สุนัข และ แมลง ,Yes
ธนบัตร เป็น สิ่งที่ เป็น ตัวแทน ใน การ แลกเปลี่ยน ซึ่ง สามารถ ใช้ ชำระ หนี้ ได้ ตาม กฎหมาย,No
ธนบัตร จะ ใช้ ควบคู่ ไป กับ เหรียญกษาปณ์ แต่ โดย ทั่วไป แล้ว ธนบัตร มักใช้ สำหรับ เงิน จำนวนมาก ,No
ใน สมัยก่อน ค่า ของ เงิน จะ วัด โดย วัตถุ ที่ นำมา ใช้ เป็น เงิน เช่น เบี้ย  เงิน หรือ ทอง ,No
แต่ การ ถือ วัตถุ มี ค่า เหล่านี้ ออกไป จำนวนมาก ย่อม เป็น สิ่งที่ ไม่ สะดวก และ เป็น อันตราย จึง ใช้ ธนบัตร เพื่อ เป็น สื่อ แลก เปลี่ยนแทน,No
ธนบัตร เป็น เหมือน สัญญา ว่า จะ ให้ เงิน ไป จำนวน หนึ่ง ซึ่ง ภายหลัง สามารถ นำไป แลกคืน เป็น เงิน หรือ ทองได้ ,No
ภายหลัง จึง เป็น การ แลกเปลี่ยน เพื่อ สิ่งของ และ บริการ ไม่ ต้อง แลก เป็น เงิน หรือ ทอง อีก,No
ราคา ทองคำ วันศุกร์ ที่ ผ่าน มา ปิด  ทรงตัว แทบ ไม่ เปลี่ยนแปลง ท่ามกลาง การ ซื้อขาย ที่ ผันผวน ทั้งขึ้น แรง และ ลงแรง,No
กสิกรไทย เตือน เป็น หนี้ ไม่รู้ตัว เจอ มิจฉาชีพ ลวง กู้เงิน ออนไลน์,No
เงิน บาท ปรับตัว แข็งค่า หลัง ตัวเลข การจ้างงาน สหรัฐ ต่ำกว่า คาดการณ์,No
ราคา ทองคำ วันศุกร์ ที่ ผ่าน มา ปิด  ทรงตัว แทบ ไม่ เปลี่ยนแปลง ท่ามกลาง การ ซื้อขาย ที่ ผันผวน ทั้งขึ้น แรง และ ลงแรง,No
